id,province_id,name
12801,128,ADAMS
12802,128,BACARRA
12803,128,BADOC
12804,128,BANGUI
12805,128,CITY OF BATAC
12806,128,BURGOS
12807,128,CARASI
12808,128,CURRIMAO
12809,128,DINGRAS
12810,128,DUMALNEG
12811,128,BANNA (ESPIRITU)
12812,128,LAOAG CITY (Capital)
12813,128,MARCOS
12814,128,NUEVA ERA
12815,128,PAGUDPUD
12816,128,PAOAY
12817,128,PASUQUIN
12818,128,PIDDIG
12819,128,PINILI
12820,128,SAN NICOLAS
12821,128,SARRAT
12822,128,SOLSONA
12823,128,VINTAR
12901,129,ALILEM
12902,129,BANAYOYO
12903,129,BANTAY
12904,129,BURGOS
12905,129,CABUGAO
12906,129,CITY OF CANDON
12907,129,CAOAYAN
12908,129,CERVANTES
12909,129,GALIMUYOD
12910,129,GREGORIO DEL PILAR (CONCEPCION)
12911,129,LIDLIDDA
12912,129,MAGSINGAL
12913,129,NAGBUKEL
12914,129,NARVACAN
12915,129,QUIRINO (ANGKAKI)
12916,129,SALCEDO (BAUGEN)
12917,129,SAN EMILIO
12918,129,SAN ESTEBAN
12919,129,SAN ILDEFONSO
12920,129,SAN JUAN (LAPOG)
12921,129,SAN VICENTE
12922,129,SANTA
12923,129,SANTA CATALINA
12924,129,SANTA CRUZ
12925,129,SANTA LUCIA
12926,129,SANTA MARIA
12927,129,SANTIAGO
12928,129,SANTO DOMINGO
12929,129,SIGAY
12930,129,SINAIT
12931,129,SUGPON
12932,129,SUYO
12933,129,TAGUDIN
12934,129,CITY OF VIGAN (Capital)
13301,133,AGOO
13302,133,ARINGAY
13303,133,BACNOTAN
13304,133,BAGULIN
13305,133,BALAOAN
13306,133,BANGAR
13307,133,BAUANG
13308,133,BURGOS
13309,133,CABA
13310,133,LUNA
13311,133,NAGUILIAN
13312,133,PUGO
13313,133,ROSARIO
13314,133,CITY OF SAN FERNANDO (Capital)
13315,133,SAN GABRIEL
13316,133,SAN JUAN
13317,133,SANTO TOMAS
13318,133,SANTOL
13319,133,SUDIPEN
13320,133,TUBAO
15501,155,AGNO
15502,155,AGUILAR
15503,155,CITY OF ALAMINOS
15504,155,ALCALA
15505,155,ANDA
15506,155,ASINGAN
15507,155,BALUNGAO
15508,155,BANI
15509,155,BASISTA
15510,155,BAUTISTA
15511,155,BAYAMBANG
15512,155,BINALONAN
15513,155,BINMALEY
15514,155,BOLINAO
15515,155,BUGALLON
15516,155,BURGOS
15517,155,CALASIAO
15518,155,DAGUPAN CITY
15519,155,DASOL
15520,155,INFANTA
15521,155,LABRADOR
15522,155,LINGAYEN (Capital)
15523,155,MABINI
15524,155,MALASIQUI
15525,155,MANAOAG
15526,155,MANGALDAN
15527,155,MANGATAREM
15528,155,MAPANDAN
15529,155,NATIVIDAD
15530,155,POZORRUBIO
15531,155,ROSALES
15532,155,SAN CARLOS CITY
15533,155,SAN FABIAN
15534,155,SAN JACINTO
15535,155,SAN MANUEL
15536,155,SAN NICOLAS
15537,155,SAN QUINTIN
15538,155,SANTA BARBARA
15539,155,SANTA MARIA
15540,155,SANTO TOMAS
15541,155,SISON
15542,155,SUAL
15543,155,TAYUG
15544,155,UMINGAN
15545,155,URBIZTONDO
15546,155,CITY OF URDANETA
15547,155,VILLASIS
15548,155,LAOAC
20901,209,BASCO (Capital)
20902,209,ITBAYAT
20903,209,IVANA
20904,209,MAHATAO
20905,209,SABTANG
20906,209,UYUGAN
21501,215,ABULUG
21502,215,ALCALA
21503,215,ALLACAPAN
21504,215,AMULUNG
21505,215,APARRI
21506,215,BAGGAO
21507,215,BALLESTEROS
21508,215,BUGUEY
21509,215,CALAYAN
21510,215,CAMALANIUGAN
21511,215,CLAVERIA
21512,215,ENRILE
21513,215,GATTARAN
21514,215,GONZAGA
21515,215,IGUIG
21516,215,LAL-LO
21517,215,LASAM
21518,215,PAMPLONA
21519,215,PEÑABLANCA
21520,215,PIAT
21521,215,RIZAL
21522,215,SANCHEZ-MIRA
21523,215,SANTA ANA
21524,215,SANTA PRAXEDES
21525,215,SANTA TERESITA
21526,215,SANTO NIÑO (FAIRE)
21527,215,SOLANA
21528,215,TUAO
21529,215,TUGUEGARAO CITY (Capital)
23101,231,ALICIA
23102,231,ANGADANAN
23103,231,AURORA
23104,231,BENITO SOLIVEN
23105,231,BURGOS
23106,231,CABAGAN
23107,231,CABATUAN
23108,231,CITY OF CAUAYAN
23109,231,CORDON
23110,231,DINAPIGUE
23111,231,DIVILACAN
23112,231,ECHAGUE
23113,231,GAMU
23114,231,ILAGAN CITY (Capital)
23115,231,JONES
23116,231,LUNA
23117,231,MACONACON
23118,231,DELFIN ALBANO (MAGSAYSAY)
23119,231,MALLIG
23120,231,NAGUILIAN
23121,231,PALANAN
23122,231,QUEZON
23123,231,QUIRINO
23124,231,RAMON
23125,231,REINA MERCEDES
23126,231,ROXAS
23127,231,SAN AGUSTIN
23128,231,SAN GUILLERMO
23129,231,SAN ISIDRO
23130,231,SAN MANUEL
23131,231,SAN MARIANO
23132,231,SAN MATEO
23133,231,SAN PABLO
23134,231,SANTA MARIA
23135,231,CITY OF SANTIAGO
23136,231,SANTO TOMAS
23137,231,TUMAUINI
25001,250,AMBAGUIO
25002,250,ARITAO
25003,250,BAGABAG
25004,250,BAMBANG
25005,250,BAYOMBONG (Capital)
25006,250,DIADI
25007,250,DUPAX DEL NORTE
25008,250,DUPAX DEL SUR
25009,250,KASIBU
25010,250,KAYAPA
25011,250,QUEZON
25012,250,SANTA FE
25013,250,SOLANO
25014,250,VILLAVERDE
25015,250,ALFONSO CASTANEDA
25701,257,AGLIPAY
25702,257,CABARROGUIS (Capital)
25703,257,DIFFUN
25704,257,MADDELA
25705,257,SAGUDAY
25706,257,NAGTIPUNAN
30801,308,ABUCAY
30802,308,BAGAC
30803,308,CITY OF BALANGA (Capital)
30804,308,DINALUPIHAN
30805,308,HERMOSA
30806,308,LIMAY
30807,308,MARIVELES
30808,308,MORONG
30809,308,ORANI
30810,308,ORION
30811,308,PILAR
30812,308,SAMAL
31401,314,ANGAT
31402,314,BALAGTAS (BIGAA)
31403,314,BALIUAG
31404,314,BOCAUE
31405,314,BULACAN
31406,314,BUSTOS
31407,314,CALUMPIT
31408,314,GUIGUINTO
31409,314,HAGONOY
31410,314,CITY OF MALOLOS (Capital)
31411,314,MARILAO
31412,314,CITY OF MEYCAUAYAN
31413,314,NORZAGARAY
31414,314,OBANDO
31415,314,PANDI
31416,314,PAOMBONG
31417,314,PLARIDEL
31418,314,PULILAN
31419,314,SAN ILDEFONSO
31420,314,CITY OF SAN JOSE DEL MONTE
31421,314,SAN MIGUEL
31422,314,SAN RAFAEL
31423,314,SANTA MARIA
31424,314,DOÑA REMEDIOS TRINIDAD
34901,349,ALIAGA
34902,349,BONGABON
34903,349,CABANATUAN CITY
34904,349,CABIAO
34905,349,CARRANGLAN
34906,349,CUYAPO
34907,349,GABALDON (BITULOK & SABANI)
34908,349,CITY OF GAPAN
34909,349,GENERAL MAMERTO NATIVIDAD
34910,349,GENERAL TINIO (PAPAYA)
34911,349,GUIMBA
34912,349,JAEN
34913,349,LAUR
34914,349,LICAB
34915,349,LLANERA
34916,349,LUPAO
34917,349,SCIENCE CITY OF MUÑOZ
34918,349,NAMPICUAN
34919,349,PALAYAN CITY (Capital)
34920,349,PANTABANGAN
34921,349,PEÑARANDA
34922,349,QUEZON
34923,349,RIZAL
34924,349,SAN ANTONIO
34925,349,SAN ISIDRO
34926,349,SAN JOSE CITY
34927,349,SAN LEONARDO
34928,349,SANTA ROSA
34929,349,SANTO DOMINGO
34930,349,TALAVERA
34931,349,TALUGTUG
34932,349,ZARAGOZA
35401,354,ANGELES CITY
35402,354,APALIT
35403,354,ARAYAT
35404,354,BACOLOR
35405,354,CANDABA
35406,354,FLORIDABLANCA
35407,354,GUAGUA
35408,354,LUBAO
35409,354,MABALACAT CITY
35410,354,MACABEBE
35411,354,MAGALANG
35412,354,MASANTOL
35413,354,MEXICO
35414,354,MINALIN
35415,354,PORAC
35416,354,CITY OF SAN FERNANDO (Capital)
35417,354,SAN LUIS
35418,354,SAN SIMON
35419,354,SANTA ANA
35420,354,SANTA RITA
35421,354,SANTO TOMAS
35422,354,SASMUAN (Sexmoan)
36901,369,ANAO
36902,369,BAMBAN
36903,369,CAMILING
36904,369,CAPAS
36905,369,CONCEPCION
36906,369,GERONA
36907,369,LA PAZ
36908,369,MAYANTOC
36909,369,MONCADA
36910,369,PANIQUI
36911,369,PURA
36912,369,RAMOS
36913,369,SAN CLEMENTE
36914,369,SAN MANUEL
36915,369,SANTA IGNACIA
36916,369,CITY OF TARLAC (Capital)
36917,369,VICTORIA
36918,369,SAN JOSE
37101,371,BOTOLAN
37102,371,CABANGAN
37103,371,CANDELARIA
37104,371,CASTILLEJOS
37105,371,IBA (Capital)
37106,371,MASINLOC
37107,371,OLONGAPO CITY
37108,371,PALAUIG
37109,371,SAN ANTONIO
37110,371,SAN FELIPE
37111,371,SAN MARCELINO
37112,371,SAN NARCISO
37113,371,SANTA CRUZ
37114,371,SUBIC
37701,377,BALER (Capital)
37702,377,CASIGURAN
37703,377,DILASAG
37704,377,DINALUNGAN
37705,377,DINGALAN
37706,377,DIPACULAO
37707,377,MARIA AURORA
37708,377,SAN LUIS
41001,410,AGONCILLO
41002,410,ALITAGTAG
41003,410,BALAYAN
41004,410,BALETE
41005,410,BATANGAS CITY (Capital)
41006,410,BAUAN
41007,410,CALACA
41008,410,CALATAGAN
41009,410,CUENCA
41010,410,IBAAN
41011,410,LAUREL
41012,410,LEMERY
41013,410,LIAN
41014,410,LIPA CITY
41015,410,LOBO
41016,410,MABINI
41017,410,MALVAR
41018,410,MATAASNAKAHOY
41019,410,NASUGBU
41020,410,PADRE GARCIA
41021,410,ROSARIO
41022,410,SAN JOSE
41023,410,SAN JUAN
41024,410,SAN LUIS
41025,410,SAN NICOLAS
41026,410,SAN PASCUAL
41027,410,SANTA TERESITA
41028,410,SANTO TOMAS
41029,410,TAAL
41030,410,TALISAY
41031,410,CITY OF TANAUAN
41032,410,TAYSAN
41033,410,TINGLOY
41034,410,TUY
42101,421,ALFONSO
42102,421,AMADEO
42103,421,BACOOR CITY
42104,421,CARMONA
42105,421,CAVITE CITY
42106,421,CITY OF DASMARIÑAS
42107,421,GENERAL EMILIO AGUINALDO
42108,421,GENERAL TRIAS
42109,421,IMUS CITY
42110,421,INDANG
42111,421,KAWIT
42112,421,MAGALLANES
42113,421,MARAGONDON
42114,421,MENDEZ (MENDEZ-NUÑEZ)
42115,421,NAIC
42116,421,NOVELETA
42117,421,ROSARIO
42118,421,SILANG
42119,421,TAGAYTAY CITY
42120,421,TANZA
42121,421,TERNATE
42122,421,TRECE MARTIRES CITY (Capital)
42123,421,GEN. MARIANO ALVAREZ
43401,434,ALAMINOS
43402,434,BAY
43403,434,CITY OF BIÑAN
43404,434,CABUYAO CITY
43405,434,CITY OF CALAMBA
43406,434,CALAUAN
43407,434,CAVINTI
43408,434,FAMY
43409,434,KALAYAAN
43410,434,LILIW
43411,434,LOS BAÑOS
43412,434,LUISIANA
43413,434,LUMBAN
43414,434,MABITAC
43415,434,MAGDALENA
43416,434,MAJAYJAY
43417,434,NAGCARLAN
43418,434,PAETE
43419,434,PAGSANJAN
43420,434,PAKIL
43421,434,PANGIL
43422,434,PILA
43423,434,RIZAL
43424,434,SAN PABLO CITY
43425,434,CITY OF SAN PEDRO
43426,434,SANTA CRUZ (Capital)
43427,434,SANTA MARIA
43428,434,CITY OF SANTA ROSA
43429,434,SINILOAN
43430,434,VICTORIA
45601,456,AGDANGAN
45602,456,ALABAT
45603,456,ATIMONAN
45605,456,BUENAVISTA
45606,456,BURDEOS
45607,456,CALAUAG
45608,456,CANDELARIA
45610,456,CATANAUAN
45615,456,DOLORES
45616,456,GENERAL LUNA
45617,456,GENERAL NAKAR
45618,456,GUINAYANGAN
45619,456,GUMACA
45620,456,INFANTA
45621,456,JOMALIG
45622,456,LOPEZ
45623,456,LUCBAN
45624,456,LUCENA CITY (Capital)
45625,456,MACALELON
45627,456,MAUBAN
45628,456,MULANAY
45629,456,PADRE BURGOS
45630,456,PAGBILAO
45631,456,PANUKULAN
45632,456,PATNANUNGAN
45633,456,PEREZ
45634,456,PITOGO
45635,456,PLARIDEL
45636,456,POLILLO
45637,456,QUEZON
45638,456,REAL
45639,456,SAMPALOC
45640,456,SAN ANDRES
45641,456,SAN ANTONIO
45642,456,SAN FRANCISCO (AURORA)
45644,456,SAN NARCISO
45645,456,SARIAYA
45646,456,TAGKAWAYAN
45647,456,CITY OF TAYABAS
45648,456,TIAONG
45649,456,UNISAN
45801,458,ANGONO
45802,458,CITY OF ANTIPOLO
45803,458,BARAS
45804,458,BINANGONAN
45805,458,CAINTA
45806,458,CARDONA
45807,458,JALA-JALA
45808,458,RODRIGUEZ (MONTALBAN)
45809,458,MORONG
45810,458,PILILLA
45811,458,SAN MATEO
45812,458,TANAY
45813,458,TAYTAY
45814,458,TERESA
174001,1740,BOAC (Capital)
174002,1740,BUENAVISTA
174003,1740,GASAN
174004,1740,MOGPOG
174005,1740,SANTA CRUZ
174006,1740,TORRIJOS
175101,1751,ABRA DE ILOG
175102,1751,CALINTAAN
175103,1751,LOOC
175104,1751,LUBANG
175105,1751,MAGSAYSAY
175106,1751,MAMBURAO (Capital)
175107,1751,PALUAN
175108,1751,RIZAL
175109,1751,SABLAYAN
175110,1751,SAN JOSE
175111,1751,SANTA CRUZ
175201,1752,BACO
175202,1752,BANSUD
175203,1752,BONGABONG
175204,1752,BULALACAO (SAN PEDRO)
175205,1752,CITY OF CALAPAN (Capital)
175206,1752,GLORIA
175207,1752,MANSALAY
175208,1752,NAUJAN
175209,1752,PINAMALAYAN
175210,1752,POLA
175211,1752,PUERTO GALERA
175212,1752,ROXAS
175213,1752,SAN TEODORO
175214,1752,SOCORRO
175215,1752,VICTORIA
175301,1753,ABORLAN
175302,1753,AGUTAYA
175303,1753,ARACELI
175304,1753,BALABAC
175305,1753,BATARAZA
175306,1753,BROOKE'S POINT
175307,1753,BUSUANGA
175308,1753,CAGAYANCILLO
175309,1753,CORON
175310,1753,CUYO
175311,1753,DUMARAN
175312,1753,EL NIDO (BACUIT)
175313,1753,LINAPACAN
175314,1753,MAGSAYSAY
175315,1753,NARRA
175316,1753,PUERTO PRINCESA CITY (Capital)
175317,1753,QUEZON
175318,1753,ROXAS
175319,1753,SAN VICENTE
175320,1753,TAYTAY
175321,1753,KALAYAAN
175322,1753,CULION
175323,1753,RIZAL (MARCOS)
175324,1753,SOFRONIO ESPAÑOLA
175901,1759,ALCANTARA
175902,1759,BANTON
175903,1759,CAJIDIOCAN
175904,1759,CALATRAVA
175905,1759,CONCEPCION
175906,1759,CORCUERA
175907,1759,LOOC
175908,1759,MAGDIWANG
175909,1759,ODIONGAN
175910,1759,ROMBLON (Capital)
175911,1759,SAN AGUSTIN
175912,1759,SAN ANDRES
175913,1759,SAN FERNANDO
175914,1759,SAN JOSE
175915,1759,SANTA FE
175916,1759,FERROL
175917,1759,SANTA MARIA (IMELDA)
50501,505,BACACAY
50502,505,CAMALIG
50503,505,DARAGA (LOCSIN)
50504,505,GUINOBATAN
50505,505,JOVELLAR
50506,505,LEGAZPI CITY (Capital)
50507,505,LIBON
50508,505,CITY OF LIGAO
50509,505,MALILIPOT
50510,505,MALINAO
50511,505,MANITO
50512,505,OAS
50513,505,PIO DURAN
50514,505,POLANGUI
50515,505,RAPU-RAPU
50516,505,SANTO DOMINGO (LIBOG)
50517,505,CITY OF TABACO
50518,505,TIWI
51601,516,BASUD
51602,516,CAPALONGA
51603,516,DAET (Capital)
51604,516,SAN LORENZO RUIZ (IMELDA)
51605,516,JOSE PANGANIBAN
51606,516,LABO
51607,516,MERCEDES
51608,516,PARACALE
51609,516,SAN VICENTE
51610,516,SANTA ELENA
51611,516,TALISAY
51612,516,VINZONS
51701,517,BAAO
51702,517,BALATAN
51703,517,BATO
51704,517,BOMBON
51705,517,BUHI
51706,517,BULA
51707,517,CABUSAO
51708,517,CALABANGA
51709,517,CAMALIGAN
51710,517,CANAMAN
51711,517,CARAMOAN
51712,517,DEL GALLEGO
51713,517,GAINZA
51714,517,GARCHITORENA
51715,517,GOA
51716,517,IRIGA CITY
51717,517,LAGONOY
51718,517,LIBMANAN
51719,517,LUPI
51720,517,MAGARAO
51721,517,MILAOR
51722,517,MINALABAC
51723,517,NABUA
51724,517,NAGA CITY
51725,517,OCAMPO
51726,517,PAMPLONA
51727,517,PASACAO
51728,517,PILI (Capital)
51729,517,PRESENTACION (PARUBCAN)
51730,517,RAGAY
51731,517,SAGÑAY
51732,517,SAN FERNANDO
51733,517,SAN JOSE
51734,517,SIPOCOT
51735,517,SIRUMA
51736,517,TIGAON
51737,517,TINAMBAC
52001,520,BAGAMANOC
52002,520,BARAS
52003,520,BATO
52004,520,CARAMORAN
52005,520,GIGMOTO
52006,520,PANDAN
52007,520,PANGANIBAN (PAYO)
52008,520,SAN ANDRES (CALOLBON)
52009,520,SAN MIGUEL
52010,520,VIGA
52011,520,VIRAC (Capital)
54101,541,AROROY
54102,541,BALENO
54103,541,BALUD
54104,541,BATUAN
54105,541,CATAINGAN
54106,541,CAWAYAN
54107,541,CLAVERIA
54108,541,DIMASALANG
54109,541,ESPERANZA
54110,541,MANDAON
54111,541,CITY OF MASBATE (Capital)
54112,541,MILAGROS
54113,541,MOBO
54114,541,MONREAL
54115,541,PALANAS
54116,541,PIO V. CORPUZ (LIMBUHAN)
54117,541,PLACER
54118,541,SAN FERNANDO
54119,541,SAN JACINTO
54120,541,SAN PASCUAL
54121,541,USON
56202,562,BARCELONA
56203,562,BULAN
56204,562,BULUSAN
56205,562,CASIGURAN
56206,562,CASTILLA
56207,562,DONSOL
56208,562,GUBAT
56209,562,IROSIN
56210,562,JUBAN
56211,562,MAGALLANES
56212,562,MATNOG
56213,562,PILAR
56214,562,PRIETO DIAZ
56215,562,SANTA MAGDALENA
56216,562,CITY OF SORSOGON (Capital)
60401,604,ALTAVAS
60402,604,BALETE
60403,604,BANGA
60404,604,BATAN
60405,604,BURUANGA
60406,604,IBAJAY
60407,604,KALIBO (Capital)
60408,604,LEZO
60409,604,LIBACAO
60410,604,MADALAG
60411,604,MAKATO
60412,604,MALAY
60413,604,MALINAO
60414,604,NABAS
60415,604,NEW WASHINGTON
60416,604,NUMANCIA
60417,604,TANGALAN
60601,606,ANINI-Y
60602,606,BARBAZA
60603,606,BELISON
60604,606,BUGASONG
60605,606,CALUYA
60606,606,CULASI
60607,606,TOBIAS FORNIER (DAO)
60608,606,HAMTIC
60609,606,LAUA-AN
60610,606,LIBERTAD
60611,606,PANDAN
60612,606,PATNONGON
60613,606,SAN JOSE (Capital)
60614,606,SAN REMIGIO
60615,606,SEBASTE
60616,606,SIBALOM
60617,606,TIBIAO
60618,606,VALDERRAMA
61901,619,CUARTERO
61902,619,DAO
61903,619,DUMALAG
61904,619,DUMARAO
61905,619,IVISAN
61906,619,JAMINDAN
61907,619,MA-AYON
61908,619,MAMBUSAO
61909,619,PANAY
61910,619,PANITAN
61911,619,PILAR
61912,619,PONTEVEDRA
61913,619,PRESIDENT ROXAS
61914,619,ROXAS CITY (Capital)
61915,619,SAPI-AN
61916,619,SIGMA
61917,619,TAPAZ
63001,630,AJUY
63002,630,ALIMODIAN
63003,630,ANILAO
63004,630,BADIANGAN
63005,630,BALASAN
63006,630,BANATE
63007,630,BAROTAC NUEVO
63008,630,BAROTAC VIEJO
63009,630,BATAD
63010,630,BINGAWAN
63012,630,CABATUAN
63013,630,CALINOG
63014,630,CARLES
63015,630,CONCEPCION
63016,630,DINGLE
63017,630,DUEÑAS
63018,630,DUMANGAS
63019,630,ESTANCIA
63020,630,GUIMBAL
63021,630,IGBARAS
63022,630,ILOILO CITY (Capital)
63023,630,JANIUAY
63025,630,LAMBUNAO
63026,630,LEGANES
63027,630,LEMERY
63028,630,LEON
63029,630,MAASIN
63030,630,MIAGAO
63031,630,MINA
63032,630,NEW LUCENA
63034,630,OTON
63035,630,CITY OF PASSI
63036,630,PAVIA
63037,630,POTOTAN
63038,630,SAN DIONISIO
63039,630,SAN ENRIQUE
63040,630,SAN JOAQUIN
63041,630,SAN MIGUEL
63042,630,SAN RAFAEL
63043,630,SANTA BARBARA
63044,630,SARA
63045,630,TIGBAUAN
63046,630,TUBUNGAN
63047,630,ZARRAGA
64501,645,BACOLOD CITY (Capital)
64502,645,BAGO CITY
64503,645,BINALBAGAN
64504,645,CADIZ CITY
64505,645,CALATRAVA
64506,645,CANDONI
64507,645,CAUAYAN
64508,645,ENRIQUE B. MAGALONA (SARAVIA)
64509,645,CITY OF ESCALANTE
64510,645,CITY OF HIMAMAYLAN
64511,645,HINIGARAN
64512,645,HINOBA-AN (ASIA)
64513,645,ILOG
64514,645,ISABELA
64515,645,CITY OF KABANKALAN
64516,645,LA CARLOTA CITY
64517,645,LA CASTELLANA
64518,645,MANAPLA
64519,645,MOISES PADILLA (MAGALLON)
64520,645,MURCIA
64521,645,PONTEVEDRA
64522,645,PULUPANDAN
64523,645,SAGAY CITY
64524,645,SAN CARLOS CITY
64525,645,SAN ENRIQUE
64526,645,SILAY CITY
64527,645,CITY OF SIPALAY
64528,645,CITY OF TALISAY
64529,645,TOBOSO
64530,645,VALLADOLID
64531,645,CITY OF VICTORIAS
64532,645,SALVADOR BENEDICTO
67901,679,BUENAVISTA
67902,679,JORDAN (Capital)
67903,679,NUEVA VALENCIA
67904,679,SAN LORENZO
67905,679,SIBUNAG
71201,712,ALBURQUERQUE
71202,712,ALICIA
71203,712,ANDA
71204,712,ANTEQUERA
71205,712,BACLAYON
71206,712,BALILIHAN
71207,712,BATUAN
71208,712,BILAR
71209,712,BUENAVISTA
71210,712,CALAPE
71211,712,CANDIJAY
71212,712,CARMEN
71213,712,CATIGBIAN
71214,712,CLARIN
71215,712,CORELLA
71216,712,CORTES
71217,712,DAGOHOY
71218,712,DANAO
71219,712,DAUIS
71220,712,DIMIAO
71221,712,DUERO
71222,712,GARCIA HERNANDEZ
71223,712,GUINDULMAN
71224,712,INABANGA
71225,712,JAGNA
71226,712,JETAFE
71227,712,LILA
71228,712,LOAY
71229,712,LOBOC
71230,712,LOON
71231,712,MABINI
71232,712,MARIBOJOC
71233,712,PANGLAO
71234,712,PILAR
71235,712,PRES. CARLOS P. GARCIA (PITOGO)
71236,712,SAGBAYAN (BORJA)
71237,712,SAN ISIDRO
71238,712,SAN MIGUEL
71239,712,SEVILLA
71240,712,SIERRA BULLONES
71241,712,SIKATUNA
71242,712,TAGBILARAN CITY (Capital)
71243,712,TALIBON
71244,712,TRINIDAD
71245,712,TUBIGON
71246,712,UBAY
71247,712,VALENCIA
71248,712,BIEN UNIDO
72201,722,ALCANTARA
72202,722,ALCOY
72203,722,ALEGRIA
72204,722,ALOGUINSAN
72205,722,ARGAO
72206,722,ASTURIAS
72207,722,BADIAN
72208,722,BALAMBAN
72209,722,BANTAYAN
72210,722,BARILI
72211,722,CITY OF BOGO
72212,722,BOLJOON
72213,722,BORBON
72214,722,CITY OF CARCAR
72215,722,CARMEN
72216,722,CATMON
72217,722,CEBU CITY (Capital)
72218,722,COMPOSTELA
72219,722,CONSOLACION
72220,722,CORDOVA
72221,722,DAANBANTAYAN
72222,722,DALAGUETE
72223,722,DANAO CITY
72224,722,DUMANJUG
72225,722,GINATILAN
72226,722,LAPU-LAPU CITY (OPON)
72227,722,LILOAN
72228,722,MADRIDEJOS
72229,722,MALABUYOC
72230,722,MANDAUE CITY
72231,722,MEDELLIN
72232,722,MINGLANILLA
72233,722,MOALBOAL
72234,722,CITY OF NAGA
72235,722,OSLOB
72236,722,PILAR
72237,722,PINAMUNGAHAN
72238,722,PORO
72239,722,RONDA
72240,722,SAMBOAN
72241,722,SAN FERNANDO
72242,722,SAN FRANCISCO
72243,722,SAN REMIGIO
72244,722,SANTA FE
72245,722,SANTANDER
72246,722,SIBONGA
72247,722,SOGOD
72248,722,TABOGON
72249,722,TABUELAN
72250,722,CITY OF TALISAY
72251,722,TOLEDO CITY
72252,722,TUBURAN
72253,722,TUDELA
74601,746,AMLAN (AYUQUITAN)
74602,746,AYUNGON
74603,746,BACONG
74604,746,BAIS CITY
74605,746,BASAY
74606,746,CITY OF BAYAWAN (TULONG)
74607,746,BINDOY (PAYABON)
74608,746,CANLAON CITY
74609,746,DAUIN
74610,746,DUMAGUETE CITY (Capital)
74611,746,CITY OF GUIHULNGAN
74612,746,JIMALALUD
74613,746,LA LIBERTAD
74614,746,MABINAY
74615,746,MANJUYOD
74616,746,PAMPLONA
74617,746,SAN JOSE
74618,746,SANTA CATALINA
74619,746,SIATON
74620,746,SIBULAN
74621,746,CITY OF TANJAY
74622,746,TAYASAN
74623,746,VALENCIA (LUZURRIAGA)
74624,746,VALLEHERMOSO
74625,746,ZAMBOANGUITA
76101,761,ENRIQUE VILLANUEVA
76102,761,LARENA
76103,761,LAZI
76104,761,MARIA
76105,761,SAN JUAN
76106,761,SIQUIJOR (Capital)
82601,826,ARTECHE
82602,826,BALANGIGA
82603,826,BALANGKAYAN
82604,826,CITY OF BORONGAN (Capital)
82605,826,CAN-AVID
82606,826,DOLORES
82607,826,GENERAL MACARTHUR
82608,826,GIPORLOS
82609,826,GUIUAN
82610,826,HERNANI
82611,826,JIPAPAD
82612,826,LAWAAN
82613,826,LLORENTE
82614,826,MASLOG
82615,826,MAYDOLONG
82616,826,MERCEDES
82617,826,ORAS
82618,826,QUINAPONDAN
82619,826,SALCEDO
82620,826,SAN JULIAN
82621,826,SAN POLICARPO
82622,826,SULAT
82623,826,TAFT
83701,837,ABUYOG
83702,837,ALANGALANG
83703,837,ALBUERA
83705,837,BABATNGON
83706,837,BARUGO
83707,837,BATO
83708,837,CITY OF BAYBAY
83710,837,BURAUEN
83713,837,CALUBIAN
83714,837,CAPOOCAN
83715,837,CARIGARA
83717,837,DAGAMI
83718,837,DULAG
83719,837,HILONGOS
83720,837,HINDANG
83721,837,INOPACAN
83722,837,ISABEL
83723,837,JARO
83724,837,JAVIER (BUGHO)
83725,837,JULITA
83726,837,KANANGA
83728,837,LA PAZ
83729,837,LEYTE
83730,837,MACARTHUR
83731,837,MAHAPLAG
83733,837,MATAG-OB
83734,837,MATALOM
83735,837,MAYORGA
83736,837,MERIDA
83738,837,ORMOC CITY
83739,837,PALO
83740,837,PALOMPON
83741,837,PASTRANA
83742,837,SAN ISIDRO
83743,837,SAN MIGUEL
83744,837,SANTA FE
83745,837,TABANGO
83746,837,TABONTABON
83747,837,TACLOBAN CITY (Capital)
83748,837,TANAUAN
83749,837,TOLOSA
83750,837,TUNGA
83751,837,VILLABA
84801,848,ALLEN
84802,848,BIRI
84803,848,BOBON
84804,848,CAPUL
84805,848,CATARMAN (Capital)
84806,848,CATUBIG
84807,848,GAMAY
84808,848,LAOANG
84809,848,LAPINIG
84810,848,LAS NAVAS
84811,848,LAVEZARES
84812,848,MAPANAS
84813,848,MONDRAGON
84814,848,PALAPAG
84815,848,PAMBUJAN
84816,848,ROSARIO
84817,848,SAN ANTONIO
84818,848,SAN ISIDRO
84819,848,SAN JOSE
84820,848,SAN ROQUE
84821,848,SAN VICENTE
84822,848,SILVINO LOBOS
84823,848,VICTORIA
84824,848,LOPE DE VEGA
86001,860,ALMAGRO
86002,860,BASEY
86003,860,CALBAYOG CITY
86004,860,CALBIGA
86005,860,CITY OF CATBALOGAN (Capital)
86006,860,DARAM
86007,860,GANDARA
86008,860,HINABANGAN
86009,860,JIABONG
86010,860,MARABUT
86011,860,MATUGUINAO
86012,860,MOTIONG
86013,860,PINABACDAO
86014,860,SAN JOSE DE BUAN
86015,860,SAN SEBASTIAN
86016,860,SANTA MARGARITA
86017,860,SANTA RITA
86018,860,SANTO NIÑO
86019,860,TALALORA
86020,860,TARANGNAN
86021,860,VILLAREAL
86022,860,PARANAS (WRIGHT)
86023,860,ZUMARRAGA
86024,860,TAGAPUL-AN
86025,860,SAN JORGE
86026,860,PAGSANGHAN
86401,864,ANAHAWAN
86402,864,BONTOC
86403,864,HINUNANGAN
86404,864,HINUNDAYAN
86405,864,LIBAGON
86406,864,LILOAN
86407,864,CITY OF MAASIN (Capital)
86408,864,MACROHON
86409,864,MALITBOG
86410,864,PADRE BURGOS
86411,864,PINTUYAN
86412,864,SAINT BERNARD
86413,864,SAN FRANCISCO
86414,864,SAN JUAN (CABALIAN)
86415,864,SAN RICARDO
86416,864,SILAGO
86417,864,SOGOD
86418,864,TOMAS OPPUS
86419,864,LIMASAWA
87801,878,ALMERIA
87802,878,BILIRAN
87803,878,CABUCGAYAN
87804,878,CAIBIRAN
87805,878,CULABA
87806,878,KAWAYAN
87807,878,MARIPIPI
87808,878,NAVAL (Capital)
97201,972,DAPITAN CITY
97202,972,DIPOLOG CITY (Capital)
97203,972,KATIPUNAN
97204,972,LA LIBERTAD
97205,972,LABASON
97206,972,LILOY
97207,972,MANUKAN
97208,972,MUTIA
97209,972,PIÑAN (NEW PIÑAN)
97210,972,POLANCO
97211,972,PRES. MANUEL A. ROXAS
97212,972,RIZAL
97213,972,SALUG
97214,972,SERGIO OSMEÑA SR.
97215,972,SIAYAN
97216,972,SIBUCO
97217,972,SIBUTAD
97218,972,SINDANGAN
97219,972,SIOCON
97220,972,SIRAWAI
97221,972,TAMPILISAN
97222,972,JOSE DALMAN (PONOT)
97223,972,GUTALAC
97224,972,BALIGUIAN
97225,972,GODOD
97226,972,BACUNGAN (Leon T. Postigo)
97227,972,KALAWIT
97302,973,AURORA
97303,973,BAYOG
97305,973,DIMATALING
97306,973,DINAS
97307,973,DUMALINAO
97308,973,DUMINGAG
97311,973,KUMALARANG
97312,973,LABANGAN
97313,973,LAPUYAN
97315,973,MAHAYAG
97317,973,MARGOSATUBIG
97318,973,MIDSALIP
97319,973,MOLAVE
97322,973,PAGADIAN CITY (Capital)
97323,973,RAMON MAGSAYSAY (LIARGO)
97324,973,SAN MIGUEL
97325,973,SAN PABLO
97327,973,TABINA
97328,973,TAMBULIG
97330,973,TUKURAN
97332,973,ZAMBOANGA CITY
97333,973,LAKEWOOD
97337,973,JOSEFINA
97338,973,PITOGO
97340,973,SOMINOT (DON MARIANO MARCOS)
97341,973,VINCENZO A. SAGUN
97343,973,GUIPOS
97344,973,TIGBAO
98301,983,ALICIA
98302,983,BUUG
98303,983,DIPLAHAN
98304,983,IMELDA
98305,983,IPIL (Capital)
98306,983,KABASALAN
98307,983,MABUHAY
98308,983,MALANGAS
98309,983,NAGA
98310,983,OLUTANGA
98311,983,PAYAO
98312,983,ROSELLER LIM
98313,983,SIAY
98314,983,TALUSAN
98315,983,TITAY
98316,983,TUNGAWAN
99701,997,CITY OF ISABELA
101301,1013,BAUNGON
101302,1013,DAMULOG
101303,1013,DANGCAGAN
101304,1013,DON CARLOS
101305,1013,IMPASUG-ONG
101306,1013,KADINGILAN
101307,1013,KALILANGAN
101308,1013,KIBAWE
101309,1013,KITAOTAO
101310,1013,LANTAPAN
101311,1013,LIBONA
101312,1013,CITY OF MALAYBALAY (Capital)
101313,1013,MALITBOG
101314,1013,MANOLO FORTICH
101315,1013,MARAMAG
101316,1013,PANGANTUCAN
101317,1013,QUEZON
101318,1013,SAN FERNANDO
101319,1013,SUMILAO
101320,1013,TALAKAG
101321,1013,CITY OF VALENCIA
101322,1013,CABANGLASAN
101801,1018,CATARMAN
101802,1018,GUINSILIBAN
101803,1018,MAHINOG
101804,1018,MAMBAJAO (Capital)
101805,1018,SAGAY
103501,1035,BACOLOD
103502,1035,BALOI
103503,1035,BAROY
103504,1035,ILIGAN CITY
103505,1035,KAPATAGAN
103506,1035,SULTAN NAGA DIMAPORO (KAROMATAN)
103507,1035,KAUSWAGAN
103508,1035,KOLAMBUGAN
103509,1035,LALA
103510,1035,LINAMON
103511,1035,MAGSAYSAY
103512,1035,MAIGO
103513,1035,MATUNGAO
103514,1035,MUNAI
103515,1035,NUNUNGAN
103516,1035,PANTAO RAGAT
103517,1035,POONA PIAGAPO
103518,1035,SALVADOR
103519,1035,SAPAD
103520,1035,TAGOLOAN
103521,1035,TANGCAL
103522,1035,TUBOD (Capital)
103523,1035,PANTAR
104201,1042,ALORAN
104202,1042,BALIANGAO
104203,1042,BONIFACIO
104204,1042,CALAMBA
104205,1042,CLARIN
104206,1042,CONCEPCION
104207,1042,JIMENEZ
104208,1042,LOPEZ JAENA
104209,1042,OROQUIETA CITY (Capital)
104210,1042,OZAMIS CITY
104211,1042,PANAON
104212,1042,PLARIDEL
104213,1042,SAPANG DALAGA
104214,1042,SINACABAN
104215,1042,TANGUB CITY
104216,1042,TUDELA
104217,1042,DON VICTORIANO CHIONGBIAN  (DON MARIANO MARCOS)
104301,1043,ALUBIJID
104302,1043,BALINGASAG
104303,1043,BALINGOAN
104304,1043,BINUANGAN
104305,1043,CAGAYAN DE ORO CITY (Capital)
104306,1043,CLAVERIA
104307,1043,CITY OF EL SALVADOR
104308,1043,GINGOOG CITY
104309,1043,GITAGUM
104310,1043,INITAO
104311,1043,JASAAN
104312,1043,KINOGUITAN
104313,1043,LAGONGLONG
104314,1043,LAGUINDINGAN
104315,1043,LIBERTAD
104316,1043,LUGAIT
104317,1043,MAGSAYSAY (LINUGOS)
104318,1043,MANTICAO
104319,1043,MEDINA
104320,1043,NAAWAN
104321,1043,OPOL
104322,1043,SALAY
104323,1043,SUGBONGCOGON
104324,1043,TAGOLOAN
104325,1043,TALISAYAN
104326,1043,VILLANUEVA
112301,1123,ASUNCION (SAUG)
112303,1123,CARMEN
112305,1123,KAPALONG
112314,1123,NEW CORELLA
112315,1123,CITY OF PANABO
112317,1123,ISLAND GARDEN CITY OF SAMAL
112318,1123,SANTO TOMAS
112319,1123,CITY OF TAGUM (Capital)
112322,1123,TALAINGOD
112323,1123,BRAULIO E. DUJALI
112324,1123,SAN ISIDRO
112401,1124,BANSALAN
112402,1124,DAVAO CITY
112403,1124,CITY OF DIGOS (Capital)
112404,1124,HAGONOY
112406,1124,KIBLAWAN
112407,1124,MAGSAYSAY
112408,1124,MALALAG
112410,1124,MATANAO
112411,1124,PADADA
112412,1124,SANTA CRUZ
112414,1124,SULOP
112501,1125,BAGANGA
112502,1125,BANAYBANAY
112503,1125,BOSTON
112504,1125,CARAGA
112505,1125,CATEEL
112506,1125,GOVERNOR GENEROSO
112507,1125,LUPON
112508,1125,MANAY
112509,1125,CITY OF MATI (Capital)
112510,1125,SAN ISIDRO
112511,1125,TARRAGONA
118201,1182,COMPOSTELA
118202,1182,LAAK (SAN VICENTE)
118203,1182,MABINI (DOÑA ALICIA)
118204,1182,MACO
118205,1182,MARAGUSAN (SAN MARIANO)
118206,1182,MAWAB
118207,1182,MONKAYO
118208,1182,MONTEVISTA
118209,1182,NABUNTURAN (Capital)
118210,1182,NEW BATAAN
118211,1182,PANTUKAN
118601,1186,DON MARCELINO
118602,1186,JOSE ABAD SANTOS (TRINIDAD)
118603,1186,MALITA
118604,1186,SANTA MARIA
118605,1186,SARANGANI
124701,1247,ALAMADA
124702,1247,CARMEN
124703,1247,KABACAN
124704,1247,CITY OF KIDAPAWAN (Capital)
124705,1247,LIBUNGAN
124706,1247,MAGPET
124707,1247,MAKILALA
124708,1247,MATALAM
124709,1247,MIDSAYAP
124710,1247,M'LANG
124711,1247,PIGKAWAYAN
124712,1247,PIKIT
124713,1247,PRESIDENT ROXAS
124714,1247,TULUNAN
124715,1247,ANTIPAS
124716,1247,BANISILAN
124717,1247,ALEOSAN
124718,1247,ARAKAN
126302,1263,BANGA
126303,1263,GENERAL SANTOS CITY (DADIANGAS)
126306,1263,CITY OF KORONADAL (Capital)
126311,1263,NORALA
126312,1263,POLOMOLOK
126313,1263,SURALLAH
126314,1263,TAMPAKAN
126315,1263,TANTANGAN
126316,1263,T'BOLI
126317,1263,TUPI
126318,1263,SANTO NIÑO
126319,1263,LAKE SEBU
126501,1265,BAGUMBAYAN
126502,1265,COLUMBIO
126503,1265,ESPERANZA
126504,1265,ISULAN (Capital)
126505,1265,KALAMANSIG
126506,1265,LEBAK
126507,1265,LUTAYAN
126508,1265,LAMBAYONG (MARIANO MARCOS)
126509,1265,PALIMBANG
126510,1265,PRESIDENT QUIRINO
126511,1265,CITY OF TACURONG
126512,1265,SEN. NINOY AQUINO
128001,1280,ALABEL (Capital)
128002,1280,GLAN
128003,1280,KIAMBA
128004,1280,MAASIM
128005,1280,MAITUM
128006,1280,MALAPATAN
128007,1280,MALUNGON
129804,1298,COTABATO CITY
133901,1339,TONDO I / II
133902,1339,BINONDO
133903,1339,QUIAPO
133904,1339,SAN NICOLAS
133905,1339,SANTA CRUZ
133906,1339,SAMPALOC
133907,1339,SAN MIGUEL
133908,1339,ERMITA
133909,1339,INTRAMUROS
133910,1339,MALATE
133911,1339,PACO
133912,1339,PANDACAN
133913,1339,PORT AREA
133914,1339,SANTA ANA
137401,1374,CITY OF MANDALUYONG
137402,1374,CITY OF MARIKINA
137403,1374,CITY OF PASIG
137404,1374,QUEZON CITY
137405,1374,CITY OF SAN JUAN
137501,1375,CALOOCAN CITY
137502,1375,CITY OF MALABON
137503,1375,CITY OF NAVOTAS
137504,1375,CITY OF VALENZUELA
137601,1376,CITY OF LAS PIÑAS
137602,1376,CITY OF MAKATI
137603,1376,CITY OF MUNTINLUPA
137604,1376,CITY OF PARAÑAQUE
137605,1376,PASAY CITY
137606,1376,PATEROS
137607,1376,TAGUIG CITY
140101,1401,BANGUED (Capital)
140102,1401,BOLINEY
140103,1401,BUCAY
140104,1401,BUCLOC
140105,1401,DAGUIOMAN
140106,1401,DANGLAS
140107,1401,DOLORES
140108,1401,LA PAZ
140109,1401,LACUB
140110,1401,LAGANGILANG
140111,1401,LAGAYAN
140112,1401,LANGIDEN
140113,1401,LICUAN-BAAY (LICUAN)
140114,1401,LUBA
140115,1401,MALIBCONG
140116,1401,MANABO
140117,1401,PEÑARRUBIA
140118,1401,PIDIGAN
140119,1401,PILAR
140120,1401,SALLAPADAN
140121,1401,SAN ISIDRO
140122,1401,SAN JUAN
140123,1401,SAN QUINTIN
140124,1401,TAYUM
140125,1401,TINEG
140126,1401,TUBO
140127,1401,VILLAVICIOSA
141101,1411,ATOK
141102,1411,BAGUIO CITY
141103,1411,BAKUN
141104,1411,BOKOD
141105,1411,BUGUIAS
141106,1411,ITOGON
141107,1411,KABAYAN
141108,1411,KAPANGAN
141109,1411,KIBUNGAN
141110,1411,LA TRINIDAD (Capital)
141111,1411,MANKAYAN
141112,1411,SABLAN
141113,1411,TUBA
141114,1411,TUBLAY
142701,1427,BANAUE
142702,1427,HUNGDUAN
142703,1427,KIANGAN
142704,1427,LAGAWE (Capital)
142705,1427,LAMUT
142706,1427,MAYOYAO
142707,1427,ALFONSO LISTA (POTIA)
142708,1427,AGUINALDO
142709,1427,HINGYON
142710,1427,TINOC
142711,1427,ASIPULO
143201,1432,BALBALAN
143206,1432,LUBUAGAN
143208,1432,PASIL
143209,1432,PINUKPUK
143211,1432,RIZAL (LIWAN)
143213,1432,CITY OF TABUK (Capital)
143214,1432,TANUDAN
143215,1432,TINGLAYAN
144401,1444,BARLIG
144402,1444,BAUKO
144403,1444,BESAO
144404,1444,BONTOC (Capital)
144405,1444,NATONIN
144406,1444,PARACELIS
144407,1444,SABANGAN
144408,1444,SADANGA
144409,1444,SAGADA
144410,1444,TADIAN
148101,1481,CALANASAN (BAYAG)
148102,1481,CONNER
148103,1481,FLORA
148104,1481,KABUGAO (Capital)
148105,1481,LUNA
148106,1481,PUDTOL
148107,1481,SANTA MARCELA
150702,1507,CITY OF LAMITAN
150703,1507,LANTAWAN
150704,1507,MALUSO
150705,1507,SUMISIP
150706,1507,TIPO-TIPO
150707,1507,TUBURAN
150708,1507,AKBAR
150709,1507,AL-BARKA
150710,1507,HADJI MOHAMMAD AJUL
150711,1507,UNGKAYA PUKAN
150712,1507,HADJI MUHTAMAD
150713,1507,TABUAN-LASA
153601,1536,BACOLOD-KALAWI (BACOLOD GRANDE)
153602,1536,BALABAGAN
153603,1536,BALINDONG (WATU)
153604,1536,BAYANG
153605,1536,BINIDAYAN
153606,1536,BUBONG
153607,1536,BUTIG
153609,1536,GANASSI
153610,1536,KAPAI
153611,1536,LUMBA-BAYABAO (MAGUING)
153612,1536,LUMBATAN
153613,1536,MADALUM
153614,1536,MADAMBA
153615,1536,MALABANG
153616,1536,MARANTAO
153617,1536,MARAWI CITY (Capital)
153618,1536,MASIU
153619,1536,MULONDO
153620,1536,PAGAYAWAN (TATARIKAN)
153621,1536,PIAGAPO
153622,1536,POONA BAYABAO (GATA)
153623,1536,PUALAS
153624,1536,DITSAAN-RAMAIN
153625,1536,SAGUIARAN
153626,1536,TAMPARAN
153627,1536,TARAKA
153628,1536,TUBARAN
153629,1536,TUGAYA
153630,1536,WAO
153631,1536,MAROGONG
153632,1536,CALANOGAS
153633,1536,BUADIPOSO-BUNTONG
153634,1536,MAGUING
153635,1536,PICONG (SULTAN GUMANDER)
153636,1536,LUMBAYANAGUE
153637,1536,BUMBARAN
153638,1536,TAGOLOAN II
153639,1536,KAPATAGAN
153640,1536,SULTAN DUMALONDONG
153641,1536,LUMBACA-UNAYAN
153801,1538,AMPATUAN
153802,1538,BULDON
153803,1538,BULUAN
153805,1538,DATU PAGLAS
153806,1538,DATU PIANG
153807,1538,DATU ODIN SINSUAT (DINAIG)
153808,1538,SHARIFF AGUAK (MAGANOY) (Capital)
153809,1538,MATANOG
153810,1538,PAGALUNGAN
153811,1538,PARANG
153812,1538,SULTAN KUDARAT (NULING)
153813,1538,SULTAN SA BARONGIS (LAMBAYONG)
153814,1538,KABUNTALAN (TUMBAO)
153815,1538,UPI
153816,1538,TALAYAN
153817,1538,SOUTH UPI
153818,1538,BARIRA
153819,1538,GEN. S. K. PENDATUN
153820,1538,MAMASAPANO
153821,1538,TALITAY
153822,1538,PAGAGAWAN
153823,1538,PAGLAT
153824,1538,SULTAN MASTURA
153825,1538,GUINDULUNGAN
153826,1538,DATU SAUDI-AMPATUAN
153827,1538,DATU UNSAY
153828,1538,DATU ABDULLAH SANGKI
153829,1538,RAJAH BUAYAN
153830,1538,DATU BLAH T. SINSUAT
153831,1538,DATU ANGGAL MIDTIMBANG
153832,1538,MANGUDADATU
153833,1538,PANDAG
153834,1538,NORTHERN KABUNTALAN
153835,1538,DATU HOFFER AMPATUAN
153836,1538,DATU SALIBO
153837,1538,SHARIFF SAYDONA MUSTAPHA
156601,1566,INDANAN
156602,1566,JOLO (Capital)
156603,1566,KALINGALAN CALUANG
156604,1566,LUUK
156605,1566,MAIMBUNG
156606,1566,HADJI PANGLIMA TAHIL (MARUNGGAS)
156607,1566,OLD PANAMAO
156608,1566,PANGUTARAN
156609,1566,PARANG
156610,1566,PATA
156611,1566,PATIKUL
156612,1566,SIASI
156613,1566,TALIPAO
156614,1566,TAPUL
156615,1566,TONGKIL
156616,1566,PANGLIMA ESTINO (NEW PANAMAO)
156617,1566,LUGUS
156618,1566,PANDAMI
156619,1566,OMAR
157001,1570,PANGLIMA SUGALA (BALIMBING)
157002,1570,BONGAO (Capital)
157003,1570,MAPUN (CAGAYAN DE TAWI-TAWI)
157004,1570,SIMUNUL
157005,1570,SITANGKAI
157006,1570,SOUTH UBIAN
157007,1570,TANDUBAS
157008,1570,TURTLE ISLANDS
157009,1570,LANGUYAN
157010,1570,SAPA-SAPA
157011,1570,SIBUTU
160201,1602,BUENAVISTA
160202,1602,BUTUAN CITY (Capital)
160203,1602,CITY OF CABADBARAN
160204,1602,CARMEN
160205,1602,JABONGA
160206,1602,KITCHARAO
160207,1602,LAS NIEVES
160208,1602,MAGALLANES
160209,1602,NASIPIT
160210,1602,SANTIAGO
160211,1602,TUBAY
160212,1602,REMEDIOS T. ROMUALDEZ
160301,1603,CITY OF BAYUGAN
160302,1603,BUNAWAN
160303,1603,ESPERANZA
160304,1603,LA PAZ
160305,1603,LORETO
160306,1603,PROSPERIDAD (Capital)
160307,1603,ROSARIO
160308,1603,SAN FRANCISCO
160309,1603,SAN LUIS
160310,1603,SANTA JOSEFA
160311,1603,TALACOGON
160312,1603,TRENTO
160313,1603,VERUELA
160314,1603,SIBAGAT
166701,1667,ALEGRIA
166702,1667,BACUAG
166704,1667,BURGOS
166706,1667,CLAVER
166707,1667,DAPA
166708,1667,DEL CARMEN
166710,1667,GENERAL LUNA
166711,1667,GIGAQUIT
166714,1667,MAINIT
166715,1667,MALIMONO
166716,1667,PILAR
166717,1667,PLACER
166718,1667,SAN BENITO
166719,1667,SAN FRANCISCO (ANAO-AON)
166720,1667,SAN ISIDRO
166721,1667,SANTA MONICA (SAPAO)
166722,1667,SISON
166723,1667,SOCORRO
166724,1667,SURIGAO CITY (Capital)
166725,1667,TAGANA-AN
166727,1667,TUBOD
166801,1668,BAROBO
166802,1668,BAYABAS
166803,1668,CITY OF BISLIG
166804,1668,CAGWAIT
166805,1668,CANTILAN
166806,1668,CARMEN
166807,1668,CARRASCAL
166808,1668,CORTES
166809,1668,HINATUAN
166810,1668,LANUZA
166811,1668,LIANGA
166812,1668,LINGIG
166813,1668,MADRID
166814,1668,MARIHATAG
166815,1668,SAN AGUSTIN
166816,1668,SAN MIGUEL
166817,1668,TAGBINA
166818,1668,TAGO
166819,1668,CITY OF TANDAG (Capital)
168501,1685,BASILISA (RIZAL)
168502,1685,CAGDIANAO
168503,1685,DINAGAT
168504,1685,LIBJO (ALBOR)
168505,1685,LORETO
168506,1685,SAN JOSE (Capital)
168507,1685,TUBAJON
